{"agent1": {"rewards": [-38652.0, -30490.0, -33998.0, -37663.0, -27480.0, -24618.0, -30183.0, -37007.0, -29181.0, -25569.0, -37372.0, -36876.0, -47804.0], "queue_lengths": [9.959444444444445, 8.001851851851852, 8.775, 9.865555555555556, 7.391481481481481, 6.648333333333333, 7.984814814814815, 9.46425925925926, 7.727222222222222, 7.285185185185185, 9.352037037037038, 9.532037037037037, 12.194444444444445], "waiting_times": [53781.0, 43210.0, 47385.0, 53274.0, 39914.0, 35901.0, 43118.0, 51107.0, 41727.0, 39340.0, 50501.0, 51473.0, 65850.0], "status": "training", "last_episode": 12, "config": {"max_steps": 5400, "green_duration": 16, "yellow_duration": 3, "gamma": 0.75, "num_states": 80, "num_actions": 4}, "model_info": {"batch_size": 32, "input_dim": 80, "output_dim": 4}}}