episode,reward,avg_waiting_time,avg_queue_length
0,22.274999299999998,0.0,0.75
1,21.924999999999997,0.5,0.75
2,-195.29999999999998,306.75,10.25
3,22.3499993,0.0,0.5
