{"agent1": {"rewards": [-104096.0, -86071.0, -69716.0, -52642.0, -57710.0, -92232.0, -71549.0, -54520.0, -48812.0, -66593.0, -67036.0, -81755.0, -45996.0, -57819.0, -53240.0, -64463.0, -87291.0, -36624.0, -63163.0, -41409.0, -60980.0, -44045.0, -46293.0, -38053.0, -47681.0, -49960.0, -38185.0, -40896.0, -37350.0, -36993.0, -36728.0, -32242.0, -38576.0, -34021.0, -27529.0, -39377.0, -29044.0, -30937.0, -38330.0, -29444.0, -25656.0, -28464.0, -40592.0, -37821.0, -34636.0, -22227.0, -24320.0, -31488.0, -38225.0, -23045.0, -22794.0, -27780.0, -24562.0, -24764.0, -25615.0, -25389.0, -17458.0, -21782.0, -18115.0, -22913.0, -20347.0, -20476.0, -18679.0, -21299.0, -17111.0, -22724.0, -21319.0, -22055.0, -19818.0, -18857.0, -18086.0, -14342.0, -17820.0, -12533.0], "queue_lengths": [24.615, 20.39666666666667, 17.77259259259259, 14.08148148148148, 15.429444444444444, 22.651481481481483, 17.53537037037037, 14.599444444444444, 13.255, 16.963703703703704, 17.179074074074073, 20.380925925925926, 12.957777777777778, 15.869444444444444, 13.904074074074074, 16.581481481481482, 20.897222222222222, 10.994444444444444, 16.578518518518518, 12.346666666666666, 15.956666666666667, 13.049074074074074, 12.59388888888889, 11.70037037037037, 13.31074074074074, 13.636666666666667, 11.382592592592593, 12.167777777777777, 11.530925925925926, 11.058703703703705, 11.233888888888888, 10.583148148148148, 11.247407407407408, 10.675555555555556, 9.288703703703703, 11.610740740740741, 10.02648148148148, 10.674814814814814, 11.551111111111112, 9.642777777777777, 8.955185185185185, 8.957037037037036, 11.700740740740741, 11.193888888888889, 10.514259259259259, 8.378148148148147, 8.462037037037037, 9.86037037037037, 11.185925925925925, 8.722407407407408, 8.352222222222222, 9.727962962962962, 8.515, 8.568333333333333, 8.85925925925926, 8.972222222222221, 7.268148148148148, 8.214629629629629, 7.177037037037037, 8.618703703703703, 8.012777777777778, 7.678148148148148, 7.594814814814815, 8.163518518518519, 7.388333333333334, 8.528333333333334, 8.075740740740741, 8.309259259259258, 7.675185185185185, 7.4564814814814815, 7.397407407407408, 6.312407407407408, 7.437407407407408, 6.524444444444445], "waiting_times": [132921.0, 110142.0, 95972.0, 76040.0, 83319.0, 122318.0, 94691.0, 78837.0, 71577.0, 91604.0, 92767.0, 110057.0, 69972.0, 85695.0, 75082.0, 89540.0, 112845.0, 59370.0, 89524.0, 66672.0, 86166.0, 70465.0, 68007.0, 63182.0, 71878.0, 73638.0, 61466.0, 65706.0, 62267.0, 59717.0, 60663.0, 57149.0, 60736.0, 57648.0, 50159.0, 62698.0, 54143.0, 57644.0, 62376.0, 52071.0, 48358.0, 48368.0, 63184.0, 60447.0, 56777.0, 45242.0, 45695.0, 53246.0, 60404.0, 47101.0, 45102.0, 52531.0, 45981.0, 46269.0, 47840.0, 48450.0, 39248.0, 44359.0, 38756.0, 46541.0, 43269.0, 41462.0, 41012.0, 44083.0, 39897.0, 46053.0, 43609.0, 44870.0, 41446.0, 40265.0, 39946.0, 34087.0, 40162.0, 35232.0], "status": "initializing", "last_episode": 73, "states": [], "topology": {"location": {"latitude": "10.786519", "longitude": "106.693680", "intersection_name": "Dien Bien Phu - Hai Ba Trung", "orientation": "45"}, "map": {"send_topology": true, "environment_file": "intersection/environment.net.xml", "connection_distance": 1.5, "connected_to": ["agent2", "agent3"]}, "visualization": {"marker_color": "blue", "marker_icon": "traffic-light"}, "environment": {"net_offset": "0.00,0.00", "boundary": "", "junctions": [{"id": "TL", "x": 0.0, "y": 0.0, "type": "traffic_light"}], "edges": [{"id": "E2TL", "from": "DE", "to": "TL", "lanes": [{"id": "E2TL_0", "index": "0", "speed": "13.89", "length": "750.00"}, {"id": "E2TL_1", "index": "1", "speed": "13.89", "length": "750.00"}, {"id": "E2TL_2", "index": "2", "speed": "13.89", "length": "750.00"}, {"id": "E2TL_3", "index": "3", "speed": "13.89", "length": "750.00"}]}, {"id": "N2TL", "from": "DN", "to": "TL", "lanes": [{"id": "N2TL_0", "index": "0", "speed": "13.89", "length": "750.00"}, {"id": "N2TL_1", "index": "1", "speed": "13.89", "length": "750.00"}, {"id": "N2TL_2", "index": "2", "speed": "13.89", "length": "750.00"}, {"id": "N2TL_3", "index": "3", "speed": "13.89", "length": "750.00"}]}, {"id": "S2TL", "from": "DS", "to": "TL", "lanes": [{"id": "S2TL_0", "index": "0", "speed": "13.89", "length": "750.00"}, {"id": "S2TL_1", "index": "1", "speed": "13.89", "length": "750.00"}, {"id": "S2TL_2", "index": "2", "speed": "13.89", "length": "750.00"}, {"id": "S2TL_3", "index": "3", "speed": "13.89", "length": "750.00"}]}, {"id": "TL2E", "from": "TL", "to": "DE", "lanes": [{"id": "TL2E_0", "index": "0", "speed": "13.89", "length": "750.00"}, {"id": "TL2E_1", "index": "1", "speed": "13.89", "length": "750.00"}, {"id": "TL2E_2", "index": "2", "speed": "13.89", "length": "750.00"}, {"id": "TL2E_3", "index": "3", "speed": "13.89", "length": "750.00"}]}, {"id": "TL2N", "from": "TL", "to": "DN", "lanes": [{"id": "TL2N_0", "index": "0", "speed": "13.89", "length": "750.00"}, {"id": "TL2N_1", "index": "1", "speed": "13.89", "length": "750.00"}, {"id": "TL2N_2", "index": "2", "speed": "13.89", "length": "750.00"}, {"id": "TL2N_3", "index": "3", "speed": "13.89", "length": "750.00"}]}, {"id": "TL2S", "from": "TL", "to": "DS", "lanes": [{"id": "TL2S_0", "index": "0", "speed": "13.89", "length": "750.00"}, {"id": "TL2S_1", "index": "1", "speed": "13.89", "length": "750.00"}, {"id": "TL2S_2", "index": "2", "speed": "13.89", "length": "750.00"}, {"id": "TL2S_3", "index": "3", "speed": "13.89", "length": "750.00"}]}, {"id": "TL2W", "from": "TL", "to": "DW", "lanes": [{"id": "TL2W_0", "index": "0", "speed": "13.89", "length": "750.00"}, {"id": "TL2W_1", "index": "1", "speed": "13.89", "length": "750.00"}, {"id": "TL2W_2", "index": "2", "speed": "13.89", "length": "750.00"}, {"id": "TL2W_3", "index": "3", "speed": "13.89", "length": "750.00"}]}, {"id": "W2TL", "from": "DW", "to": "TL", "lanes": [{"id": "W2TL_0", "index": "0", "speed": "13.89", "length": "750.00"}, {"id": "W2TL_1", "index": "1", "speed": "13.89", "length": "750.00"}, {"id": "W2TL_2", "index": "2", "speed": "13.89", "length": "750.00"}, {"id": "W2TL_3", "index": "3", "speed": "13.89", "length": "750.00"}]}], "tl_logic": [{"id": "TL", "type": "static", "programID": "0", "offset": "0", "phases": [{"duration": "100", "state": "GGGGrrrrrrGGGGrrrrrr"}, {"duration": "100", "state": "yyyyrrrrrryyyyrrrrrr"}, {"duration": "100", "state": "rrrrGrrrrrrrrrGrrrrr"}, {"duration": "100", "state": "rrrryrrrrrrrrryrrrrr"}, {"duration": "100", "state": "rrrrrGGGGrrrrrrGGGGr"}, {"duration": "100", "state": "rrrrryyyyrrrrrryyyyr"}, {"duration": "100", "state": "rrrrrrrrrGrrrrrrrrrG"}, {"duration": "100", "state": "rrrrrrrrryrrrrrrrrry"}]}]}}}, "agent2": {"rewards": [-69306.0, -82068.0, -141802.0, -214027.0, -68029.0, -67945.0, -69863.0, -71947.0, -55933.0, -90137.0, -47784.0, -67332.0, -49697.0, -43581.0, -73127.0, -90179.0, -68655.0, -53656.0, -60761.0, -32408.0, -63540.0, -54909.0, -41130.0, -92708.0, -57187.0, -40261.0, -37804.0, -54530.0, -40159.0, -41666.0, -57890.0, -53897.0, -44470.0, -55589.0, -39434.0, -49527.0, -31934.0, -30105.0, -57486.0, -44406.0, -27000.0, -35362.0, -47328.0, -48888.0, -31543.0, -33522.0, -68263.0, -189553.0, -50347.0, -45610.0, -40221.0, -26582.0, -29123.0, -31171.0, -45453.0, -27399.0, -48767.0, -36371.0, -34777.0, -28279.0, -20022.0, -26346.0, -24466.0, -23685.0, -23010.0, -26130.0, -24421.0, -20418.0, -20155.0, -19449.0, -27862.0, -24833.0, -22977.0, -20436.0, -14161.0],